policy,regime,vud,correct_utility_per_task,far,severity_weighted_far,acceptance_coverage,correct_acceptance_rate,failure_declaration_rate,cost_per_task,cost_per_correct_task,deadline_miss_rate,budget_violation_rate,scheduler_overhead_seconds,stale_evidence_invalidations,accepted,false_accepts,tasks,far_upper_95
ccr_voc_known,balanced_default,0.0,0.0,0.0,0.0,0.0,0.0,1.0,2.6871060968726383,4030.6591453089572,0.025333333333333333,0.0,23.479073529046218,0.0,0.0,0.0,1500.0,1.0
ccr_voc_known,competence_drift,0.0,0.0,0.0,0.0,0.0,0.0,1.0,2.69287137146472,2692.87137146472,0.009,0.0,16.447664942816118,0.0,0.0,0.0,1000.0,1.0
ccr_voc_known,confidence_inversion,0.0,0.0,0.0,0.0,0.0,0.0,1.0,2.5084123206966367,2508.4123206966365,0.029,0.0,16.21531348298413,0.0,0.0,0.0,1000.0,1.0
ccr_voc_known,context_poisoning,0.0,0.0,0.0,0.0,0.0,0.0,1.0,2.621708376662733,2621.708376662733,0.024,0.0,15.50543909598673,0.0,0.0,0.0,1000.0,1.0
ccr_voc_known,hidden_catastrophic_defect,0.0,0.0,0.0,0.0,0.0,0.0,1.0,2.6647944291390684,2664.7944291390686,0.02,0.0,15.354240094920897,0.0,0.0,0.0,1000.0,1.0
ccr_voc_known,hidden_reviewer_correlation,0.0,0.0,0.0,0.0,0.0,0.0,1.0,2.7007051748366635,2700.7051748366634,0.016,0.0,16.052963856955103,0.0,0.0,0.0,1000.0,1.0
ccr_voc_known,high_modeled_correlation,0.0,0.0,0.0,0.0,0.0,0.0,1.0,2.718981287370562,4078.4719310558426,0.02266666666666667,0.0,23.5588595520112,0.0,0.0,0.0,1500.0,1.0
ccr_voc_known,high_repair_regression,0.0,0.0,0.0,0.0,0.0,0.0,1.0,2.729463912381052,2729.463912381052,0.029,0.0,15.994862096174984,0.0,0.0,0.0,1000.0,1.0
ccr_voc_known,high_task_difficulty,0.0,0.0,0.0,0.0,0.0,0.0,1.0,2.575369883761779,3863.0548256426687,0.034,0.0,24.004946368002493,0.0,0.0,0.0,1500.0,1.0
ccr_voc_known,low_monetary_budgets,0.0,0.0,0.0,0.0,0.0,0.0,1.0,1.8546029607348198,2781.9044411022296,0.0,0.0,17.364068954866525,0.0,0.0,0.0,1500.0,1.0
ccr_voc_known,missing_causal_overlap,0.0,0.0,0.0,0.0,0.0,0.0,1.0,2.6587602806060158,2658.760280606016,0.026,0.0,15.875843410014568,0.0,0.0,0.0,1000.0,1.0
ccr_voc_known,noisy_verifiers,0.0,0.0,0.0,0.0,0.0,0.0,1.0,2.6446962110071013,3967.0443165106517,0.026,0.0,23.2482713989084,0.0,0.0,0.0,1500.0,1.0
ccr_voc_known,pareto_cost_duration,0.0,0.0,0.0,0.0,0.0,0.0,1.0,2.033780006368108,2033.7800063681082,0.122,0.0,15.023030581964122,0.0,0.0,0.0,1000.0,1.0
ccr_voc_known,shared_specification_trap,0.0,0.0,0.0,0.0,0.0,0.0,1.0,2.5499493244715663,2549.9493244715663,0.028,0.0,15.043896770919673,0.0,0.0,0.0,1000.0,1.0
ccr_voc_known,tight_deadlines,0.0,0.0,0.0,0.0,0.0,0.0,1.0,2.2134764649688488,3320.214697453273,0.678,0.0,17.812955628070995,0.0,0.0,0.0,1500.0,1.0
ccr_voc_known,verifier_degradation,0.0,0.0,0.0,0.0,0.0,0.0,1.0,2.7454214073783585,2745.4214073783587,0.025,0.0,15.92542486102684,0.0,0.0,0.0,1000.0,1.0
ccr_voc_learned,balanced_default,0.0,0.0,0.0,0.0,0.0,0.0,1.0,2.8219407230132227,4232.911084519834,0.02666666666666667,0.0,42.24084521692566,0.0,0.0,0.0,1500.0,1.0
ccr_voc_learned,competence_drift,0.0,0.0,0.0,0.0,0.0,0.0,1.0,2.827179591380024,2827.1795913800242,0.014,0.0,29.561669276963585,0.0,0.0,0.0,1000.0,1.0
ccr_voc_learned,confidence_inversion,0.0,0.0,0.0,0.0,0.0,0.0,1.0,2.6674754557760947,2667.475455776095,0.028,0.0,30.572810698016838,0.0,0.0,0.0,1000.0,1.0
ccr_voc_learned,context_poisoning,0.0,0.0,0.0,0.0,0.0,0.0,1.0,2.7727994581746533,2772.7994581746534,0.027,0.0,28.167532115086942,0.0,0.0,0.0,1000.0,1.0
ccr_voc_learned,hidden_catastrophic_defect,0.0,0.0,0.0,0.0,0.0,0.0,1.0,2.7893858895939947,2789.3858895939948,0.023,0.0,28.672002396866446,0.0,0.0,0.0,1000.0,1.0
ccr_voc_learned,hidden_reviewer_correlation,0.0,0.0,0.0,0.0,0.0,0.0,1.0,2.838445877337398,2838.445877337398,0.019,0.0,28.729960739134185,0.0,0.0,0.0,1000.0,1.0
ccr_voc_learned,high_modeled_correlation,0.0,0.0,0.0,0.0,0.0,0.0,1.0,2.8416391257087854,4262.458688563178,0.024,0.0,42.52185539496895,0.0,0.0,0.0,1500.0,1.0
ccr_voc_learned,high_repair_regression,0.0,0.0,0.0,0.0,0.0,0.0,1.0,2.8535813743547775,2853.5813743547774,0.037,0.0,28.649697383789317,0.0,0.0,0.0,1000.0,1.0
ccr_voc_learned,high_task_difficulty,0.0,0.0,0.0,0.0,0.0,0.0,1.0,2.7241394328954867,4086.20914934323,0.028666666666666667,0.0,43.34384121298899,0.0,0.0,0.0,1500.0,1.0
ccr_voc_learned,low_monetary_budgets,0.0,0.0,0.0,0.0,0.0,0.0,1.0,1.906965252626394,2860.447878939591,0.0,0.0,29.496857688078308,0.0,0.0,0.0,1500.0,1.0
ccr_voc_learned,missing_causal_overlap,0.0,0.0,0.0,0.0,0.0,0.0,1.0,2.781404664119767,2781.404664119767,0.028,0.0,27.911440861009396,0.0,0.0,0.0,1000.0,1.0
ccr_voc_learned,noisy_verifiers,0.0,0.0,0.0,0.0,0.0,0.0,1.0,2.792036796001721,4188.055194002582,0.036,0.0,42.40977252617631,0.0,0.0,0.0,1500.0,1.0
ccr_voc_learned,pareto_cost_duration,0.0,0.0,0.0,0.0,0.0,0.0,1.0,2.1109148416910495,2110.9148416910493,0.131,0.0,27.178641870923457,0.0,0.0,0.0,1000.0,1.0
ccr_voc_learned,shared_specification_trap,0.0,0.0,0.0,0.0,0.0,0.0,1.0,2.6910906604321547,2691.090660432155,0.019,0.0,27.794170790988574,0.0,0.0,0.0,1000.0,1.0
ccr_voc_learned,tight_deadlines,0.0,0.0,0.0,0.0,0.0,0.0,1.0,2.2395812262775774,3359.371839416366,0.7066666666666667,0.0,33.89667386104156,0.0,0.0,0.0,1500.0,1.0
ccr_voc_learned,verifier_degradation,0.0,0.0,0.0,0.0,0.0,0.0,1.0,2.860134484878132,2860.134484878132,0.017,0.0,28.48560723303126,0.0,0.0,0.0,1000.0,1.0
epsilon_bandit,balanced_default,0.0,0.0,0.0,0.0,0.0,0.0,1.0,0.5822524997012967,873.378749551945,0.0,0.0,0.20499366105650552,31.0,0.0,0.0,1500.0,1.0
epsilon_bandit,competence_drift,0.0,0.0,0.0,0.0,0.0,0.0,1.0,0.5866628196944218,586.6628196944218,0.0,0.0,0.1285365380172152,27.0,0.0,0.0,1000.0,1.0
epsilon_bandit,confidence_inversion,0.0,0.0,0.0,0.0,0.0,0.0,1.0,0.5850542908302682,585.0542908302682,0.001,0.0,0.1551949829699879,30.0,0.0,0.0,1000.0,1.0
epsilon_bandit,context_poisoning,0.0,0.0,0.0,0.0,0.0,0.0,1.0,0.5956369652555027,595.6369652555027,0.0,0.0,0.12900013299804414,26.0,0.0,0.0,1000.0,1.0
epsilon_bandit,hidden_catastrophic_defect,0.0,0.0,0.0,0.0,0.0,0.0,1.0,0.5891926108608825,589.1926108608825,0.0,0.0,0.13218446298378694,24.0,0.0,0.0,1000.0,1.0
epsilon_bandit,hidden_reviewer_correlation,0.0,0.0,0.0,0.0,0.0,0.0,1.0,0.5833459019948581,583.3459019948582,0.0,0.0,0.13432472099339066,16.0,0.0,0.0,1000.0,1.0
epsilon_bandit,high_modeled_correlation,0.0,0.0,0.0,0.0,0.0,0.0,1.0,0.5844535901735406,876.6803852603109,0.0,0.0,0.19836820204363903,30.0,0.0,0.0,1500.0,1.0
epsilon_bandit,high_repair_regression,0.0,0.0,0.0,0.0,0.0,0.0,1.0,0.5801031181086561,580.1031181086561,0.0,0.0,0.1258379659102502,10.0,0.0,0.0,1000.0,1.0
epsilon_bandit,high_task_difficulty,0.0,0.0,0.0,0.0,0.0,0.0,1.0,0.5829442716971631,874.4164075457447,0.0,0.0,0.19221167595787847,25.0,0.0,0.0,1500.0,1.0
epsilon_bandit,low_monetary_budgets,0.0,0.0,0.0,0.0,0.0,0.0,1.0,0.579916167025836,869.874250538754,0.0,0.0,0.20619901604186452,29.0,0.0,0.0,1500.0,1.0
epsilon_bandit,missing_causal_overlap,0.0,0.0,0.0,0.0,0.0,0.0,1.0,0.5917051205339867,591.7051205339867,0.002,0.0,0.1330045490012708,30.0,0.0,0.0,1000.0,1.0
epsilon_bandit,noisy_verifiers,0.0,0.0,0.0,0.0,0.0,0.0,1.0,0.5882261525622214,882.3392288433322,0.0,0.0,0.19186350910604233,30.0,0.0,0.0,1500.0,1.0
epsilon_bandit,pareto_cost_duration,0.0,0.0,0.0,0.0,0.0,0.0,1.0,0.4604740172208551,460.4740172208551,0.01,0.0,0.16006021500106726,11.0,0.0,0.0,1000.0,1.0
epsilon_bandit,shared_specification_trap,0.0,0.0,0.0,0.0,0.0,0.0,1.0,0.5781549419374564,578.1549419374564,0.0,0.0,0.12724513295506767,13.0,0.0,0.0,1000.0,1.0
epsilon_bandit,tight_deadlines,0.0,0.0,0.0,0.0,0.0,0.0,1.0,0.5844971529289845,876.7457293934767,0.013333333333333334,0.0,0.18262374394544167,26.0,0.0,0.0,1500.0,1.0
epsilon_bandit,verifier_degradation,0.0,0.0,0.0,0.0,0.0,0.0,1.0,0.5820311929829788,582.0311929829788,0.0,0.0,0.12712066296990088,21.0,0.0,0.0,1000.0,1.0
fixed_compute,balanced_default,0.0,0.0,0.0,0.0,0.0,0.0,1.0,3.363754422421088,5045.631633631632,0.0026666666666666666,0.0,0.16291365278084413,0.0,0.0,0.0,1500.0,1.0
fixed_compute,competence_drift,0.0,0.0,0.0,0.0,0.0,0.0,1.0,3.3829546890307483,3382.9546890307483,0.002,0.0,0.10820314501143002,0.0,0.0,0.0,1000.0,1.0
fixed_compute,confidence_inversion,0.0,0.0,0.0,0.0,0.0,0.0,1.0,3.3178019181269813,3317.8019181269815,0.0,0.0,0.10701020706255804,0.0,0.0,0.0,1000.0,1.0
fixed_compute,context_poisoning,0.0,0.0,0.0,0.0,0.0,0.0,1.0,3.32805425365705,3328.0542536570497,0.001,0.0,0.10957931189659575,0.0,0.0,0.0,1000.0,1.0
fixed_compute,hidden_catastrophic_defect,0.0,0.0,0.0,0.0,0.0,0.0,1.0,3.3239655546728035,3323.9655546728036,0.0,0.0,0.10399790702467726,0.0,0.0,0.0,1000.0,1.0
fixed_compute,hidden_reviewer_correlation,0.0,0.0,0.0,0.0,0.0,0.0,1.0,3.411111225803879,3411.1112258038793,0.0,0.0,0.10786597089099814,0.0,0.0,0.0,1000.0,1.0
fixed_compute,high_modeled_correlation,0.0,0.0,0.0,0.0,0.0,0.0,1.0,3.394039906354646,5091.059859531969,0.0006666666666666666,0.0,0.17109270519904385,0.0,0.0,0.0,1500.0,1.0
fixed_compute,high_repair_regression,0.0,0.0,0.0,0.0,0.0,0.0,1.0,3.315247101357522,3315.2471013575223,0.002,0.0,0.10942039192195807,0.0,0.0,0.0,1000.0,1.0
fixed_compute,high_task_difficulty,0.0,0.0,0.0,0.0,0.0,0.0,1.0,3.297739180714315,4946.608771071473,0.0006666666666666666,0.0,0.15892786398762837,0.0,0.0,0.0,1500.0,1.0
fixed_compute,low_monetary_budgets,0.0,0.0,0.0,0.0,0.0,0.0,1.0,2.1068137426561346,3160.220613984202,0.0,0.0,0.08481030395159905,0.0,0.0,0.0,1500.0,1.0
fixed_compute,missing_causal_overlap,0.0,0.0,0.0,0.0,0.0,0.0,1.0,3.321299752601283,3321.2997526012828,0.0,0.0,0.112816701115662,0.0,0.0,0.0,1000.0,1.0
fixed_compute,noisy_verifiers,0.0,0.0,0.0,0.0,0.0,0.0,1.0,3.3442802827129263,5016.42042406939,0.0006666666666666666,0.0,0.17035291503270855,0.0,0.0,0.0,1500.0,1.0
fixed_compute,pareto_cost_duration,0.0,0.0,0.0,0.0,0.0,0.0,1.0,2.8197936988595407,2819.7936988595407,0.224,0.0,0.13409706303900748,0.0,0.0,0.0,1000.0,1.0
fixed_compute,shared_specification_trap,0.0,0.0,0.0,0.0,0.0,0.0,1.0,3.299648657080743,3299.648657080743,0.001,0.0,0.10623922292325005,0.0,0.0,0.0,1000.0,1.0
fixed_compute,tight_deadlines,0.0,0.0,0.0,0.0,0.0,0.0,1.0,2.7335830164563903,4100.374524684586,0.9486666666666667,0.0,0.1026130810369068,0.0,0.0,0.0,1500.0,1.0
fixed_compute,verifier_degradation,0.0,0.0,0.0,0.0,0.0,0.0,1.0,3.3832405074713687,3383.240507471369,0.001,0.0,0.11252095595591527,0.0,0.0,0.0,1000.0,1.0
fixed_retry,balanced_default,0.0,0.0,0.0,0.0,0.0,0.0,1.0,3.3628729997823448,5044.309499673517,0.0,0.0,0.1607032190368045,0.0,0.0,0.0,1500.0,1.0
fixed_retry,competence_drift,0.0,0.0,0.0,0.0,0.0,0.0,1.0,3.400066874035191,3400.066874035191,0.0,0.0,0.10833196403109469,0.0,0.0,0.0,1000.0,1.0
fixed_retry,confidence_inversion,0.0,0.0,0.0,0.0,0.0,0.0,1.0,3.319367761665441,3319.3677616654413,0.001,0.0,0.10451850998106238,0.0,0.0,0.0,1000.0,1.0
fixed_retry,context_poisoning,0.0,0.0,0.0,0.0,0.0,0.0,1.0,3.334470063127309,3334.470063127309,0.0,0.0,0.11168424207608041,0.0,0.0,0.0,1000.0,1.0
fixed_retry,hidden_catastrophic_defect,0.0,0.0,0.0,0.0,0.0,0.0,1.0,3.3309397034269477,3330.9397034269477,0.0,0.0,0.10297011697548442,0.0,0.0,0.0,1000.0,1.0
fixed_retry,hidden_reviewer_correlation,0.0,0.0,0.0,0.0,0.0,0.0,1.0,3.4250600571867706,3425.060057186771,0.0,0.0,0.11553116817049158,0.0,0.0,0.0,1000.0,1.0
fixed_retry,high_modeled_correlation,0.0,0.0,0.0,0.0,0.0,0.0,1.0,3.390342067274823,5085.513100912234,0.0,0.0,0.16378849606553558,0.0,0.0,0.0,1500.0,1.0
fixed_retry,high_repair_regression,0.0,0.0,0.0,0.0,0.0,0.0,1.0,3.3222435657782095,3322.2435657782094,0.0,0.0,0.11032472901388246,0.0,0.0,0.0,1000.0,1.0
fixed_retry,high_task_difficulty,0.0,0.0,0.0,0.0,0.0,0.0,1.0,3.3053353922550133,4958.00308838252,0.0,0.0,0.15785505197527527,0.0,0.0,0.0,1500.0,1.0
fixed_retry,low_monetary_budgets,0.0,0.0,0.0,0.0,0.0,0.0,1.0,2.1002289420565305,3150.343413084796,0.0,0.0,0.08216945892490912,0.0,0.0,0.0,1500.0,1.0
fixed_retry,missing_causal_overlap,0.0,0.0,0.0,0.0,0.0,0.0,1.0,3.3367394176154535,3336.7394176154535,0.0,0.0,0.12250511810634634,0.0,0.0,0.0,1000.0,1.0
fixed_retry,noisy_verifiers,0.0,0.0,0.0,0.0,0.0,0.0,1.0,3.352455141720692,5028.682712581038,0.0,0.0,0.153872011032945,0.0,0.0,0.0,1500.0,1.0
fixed_retry,pareto_cost_duration,0.0,0.0,0.0,0.0,0.0,0.0,1.0,2.8280747390492698,2828.0747390492697,0.201,0.0,0.13381215492336196,0.0,0.0,0.0,1000.0,1.0
fixed_retry,shared_specification_trap,0.0,0.0,0.0,0.0,0.0,0.0,1.0,3.301489383151862,3301.489383151862,0.0,0.0,0.10447360691978247,0.0,0.0,0.0,1000.0,1.0
fixed_retry,tight_deadlines,0.0,0.0,0.0,0.0,0.0,0.0,1.0,2.8130690536251275,4219.603580437692,0.9326666666666666,0.0,0.10039753302044119,0.0,0.0,0.0,1500.0,1.0
fixed_retry,verifier_degradation,0.0,0.0,0.0,0.0,0.0,0.0,1.0,3.384773095313386,3384.773095313386,0.0,0.0,0.10646543195798586,0.0,0.0,0.0,1000.0,1.0
generate_review,balanced_default,0.0,0.0,0.0,0.0,0.0,0.0,1.0,3.3628729997823448,5044.309499673517,0.0,0.0,0.15734971193342062,0.0,0.0,0.0,1500.0,1.0
generate_review,competence_drift,0.0,0.0,0.0,0.0,0.0,0.0,1.0,3.400066874035191,3400.066874035191,0.0,0.0,0.11109597294489504,0.0,0.0,0.0,1000.0,1.0
generate_review,confidence_inversion,0.0,0.0,0.0,0.0,0.0,0.0,1.0,3.319367761665441,3319.3677616654413,0.001,0.0,0.10022062112693675,0.0,0.0,0.0,1000.0,1.0
generate_review,context_poisoning,0.0,0.0,0.0,0.0,0.0,0.0,1.0,3.334470063127309,3334.470063127309,0.0,0.0,0.10250173905114934,0.0,0.0,0.0,1000.0,1.0
generate_review,hidden_catastrophic_defect,0.0,0.0,0.0,0.0,0.0,0.0,1.0,3.3309397034269477,3330.9397034269477,0.0,0.0,0.10444494397961535,0.0,0.0,0.0,1000.0,1.0
generate_review,hidden_reviewer_correlation,0.0,0.0,0.0,0.0,0.0,0.0,1.0,3.4250600571867706,3425.060057186771,0.0,0.0,0.11311036797815177,0.0,0.0,0.0,1000.0,1.0
generate_review,high_modeled_correlation,0.0,0.0,0.0,0.0,0.0,0.0,1.0,3.390342067274823,5085.513100912234,0.0,0.0,0.15974626786919544,0.0,0.0,0.0,1500.0,1.0
generate_review,high_repair_regression,0.0,0.0,0.0,0.0,0.0,0.0,1.0,3.3222435657782095,3322.2435657782094,0.0,0.0,0.10327192806835228,0.0,0.0,0.0,1000.0,1.0
generate_review,high_task_difficulty,0.0,0.0,0.0,0.0,0.0,0.0,1.0,3.3053353922550133,4958.00308838252,0.0,0.0,0.15220099108410068,0.0,0.0,0.0,1500.0,1.0
generate_review,low_monetary_budgets,0.0,0.0,0.0,0.0,0.0,0.0,1.0,2.1002289420565305,3150.343413084796,0.0,0.0,0.07955467001193028,0.0,0.0,0.0,1500.0,1.0
generate_review,missing_causal_overlap,0.0,0.0,0.0,0.0,0.0,0.0,1.0,3.3367394176154535,3336.7394176154535,0.0,0.0,0.10650710298978083,0.0,0.0,0.0,1000.0,1.0
generate_review,noisy_verifiers,0.0,0.0,0.0,0.0,0.0,0.0,1.0,3.352455141720692,5028.682712581038,0.0,0.0,0.15146043302047474,0.0,0.0,0.0,1500.0,1.0
generate_review,pareto_cost_duration,0.0,0.0,0.0,0.0,0.0,0.0,1.0,2.8280747390492698,2828.0747390492697,0.201,0.0,0.12891667587973643,0.0,0.0,0.0,1000.0,1.0
generate_review,shared_specification_trap,0.0,0.0,0.0,0.0,0.0,0.0,1.0,3.301489383151862,3301.489383151862,0.0,0.0,0.10512027604636387,0.0,0.0,0.0,1000.0,1.0
generate_review,tight_deadlines,0.0,0.0,0.0,0.0,0.0,0.0,1.0,2.8130690536251275,4219.603580437692,0.9326666666666666,0.0,0.09813878493514494,0.0,0.0,0.0,1500.0,1.0
generate_review,verifier_degradation,0.0,0.0,0.0,0.0,0.0,0.0,1.0,3.384773095313386,3384.773095313386,0.0,0.0,0.10503949196572648,0.0,0.0,0.0,1000.0,1.0
greedy_confidence,balanced_default,0.0,0.0,0.0,0.0,0.0,0.0,1.0,0.8277206160661295,1241.5809240991941,0.0,0.0,1.5465502580027533,0.0,0.0,0.0,1500.0,1.0
greedy_confidence,competence_drift,0.0,0.0,0.0,0.0,0.0,0.0,1.0,0.8327500008592449,832.7500008592449,0.0,0.0,0.9948970639961772,0.0,0.0,0.0,1000.0,1.0
greedy_confidence,confidence_inversion,0.0,0.0,0.0,0.0,0.0,0.0,1.0,0.8288699888220811,828.869988822081,0.0,0.0,1.027274518051854,0.0,0.0,0.0,1000.0,1.0
greedy_confidence,context_poisoning,0.0,0.0,0.0,0.0,0.0,0.0,1.0,0.8326004929136273,832.6004929136272,0.0,0.0,1.021340690085708,0.0,0.0,0.0,1000.0,1.0
greedy_confidence,hidden_catastrophic_defect,0.0,0.0,0.0,0.0,0.0,0.0,1.0,0.8268203978599084,826.8203978599083,0.0,0.0,0.9857383320941153,0.0,0.0,0.0,1000.0,1.0
greedy_confidence,hidden_reviewer_correlation,0.0,0.0,0.0,0.0,0.0,0.0,1.0,0.8302581873332376,830.2581873332376,0.0,0.0,1.0026986630018655,0.0,0.0,0.0,1000.0,1.0
greedy_confidence,high_modeled_correlation,0.0,0.0,0.0,0.0,0.0,0.0,1.0,0.8307413223788284,1246.1119835682425,0.0,0.0,1.478873398995347,0.0,0.0,0.0,1500.0,1.0
greedy_confidence,high_repair_regression,0.0,0.0,0.0,0.0,0.0,0.0,1.0,0.8283757389642326,828.3757389642326,0.0,0.0,0.9914187209324155,0.0,0.0,0.0,1000.0,1.0
greedy_confidence,high_task_difficulty,0.0,0.0,0.0,0.0,0.0,0.0,1.0,0.8313139740300695,1246.970961045104,0.0,0.0,1.4835648748503445,0.0,0.0,0.0,1500.0,1.0
greedy_confidence,low_monetary_budgets,0.0,0.0,0.0,0.0,0.0,0.0,1.0,0.8282554854277202,1242.3832281415803,0.0,0.0,1.4617813778477284,0.0,0.0,0.0,1500.0,1.0
greedy_confidence,missing_causal_overlap,0.0,0.0,0.0,0.0,0.0,0.0,1.0,0.830404228451795,830.404228451795,0.0,0.0,1.0055102190726757,0.0,0.0,0.0,1000.0,1.0
greedy_confidence,noisy_verifiers,0.0,0.0,0.0,0.0,0.0,0.0,1.0,0.8321597779517705,1248.239666927656,0.0,0.0,1.510109245988133,0.0,0.0,0.0,1500.0,1.0
greedy_confidence,pareto_cost_duration,0.0,0.0,0.0,0.0,0.0,0.0,1.0,0.6878526996820983,687.8526996820983,0.021,0.0,0.9559308368843631,0.0,0.0,0.0,1000.0,1.0
greedy_confidence,shared_specification_trap,0.0,0.0,0.0,0.0,0.0,0.0,1.0,0.8268479888314342,826.8479888314341,0.0,0.0,0.9923558780046733,0.0,0.0,0.0,1000.0,1.0
greedy_confidence,tight_deadlines,0.0,0.0,0.0,0.0,0.0,0.0,1.0,0.8287539370193463,1243.1309055290194,0.08933333333333333,0.0,1.500718399996913,0.0,0.0,0.0,1500.0,1.0
greedy_confidence,verifier_degradation,0.0,0.0,0.0,0.0,0.0,0.0,1.0,0.8269539474983001,826.9539474983001,0.0,0.0,1.0713376450257783,0.0,0.0,0.0,1000.0,1.0
linear_thompson,balanced_default,0.0,0.0,0.0,0.0,0.0,0.0,1.0,0.562026578530018,843.039867795027,0.0,0.0,1.5098185449878656,3.0,0.0,0.0,1500.0,1.0
linear_thompson,competence_drift,0.0,0.0,0.0,0.0,0.0,0.0,1.0,0.5698758775675596,569.8758775675597,0.001,0.0,0.987290852039223,7.0,0.0,0.0,1000.0,1.0
linear_thompson,confidence_inversion,0.0,0.0,0.0,0.0,0.0,0.0,1.0,0.5631583069617568,563.1583069617568,0.0,0.0,1.007633515935595,0.0,0.0,0.0,1000.0,1.0
linear_thompson,context_poisoning,0.0,0.0,0.0,0.0,0.0,0.0,1.0,0.5718088060989072,571.8088060989072,0.0,0.0,0.973604175975197,3.0,0.0,0.0,1000.0,1.0
linear_thompson,hidden_catastrophic_defect,0.0,0.0,0.0,0.0,0.0,0.0,1.0,0.5590094655813052,559.0094655813051,0.0,0.0,1.1128883609853801,4.0,0.0,0.0,1000.0,1.0
linear_thompson,hidden_reviewer_correlation,0.0,0.0,0.0,0.0,0.0,0.0,1.0,0.5608748460976788,560.8748460976788,0.0,0.0,0.9991410309739877,0.0,0.0,0.0,1000.0,1.0
linear_thompson,high_modeled_correlation,0.0,0.0,0.0,0.0,0.0,0.0,1.0,0.5621760356562625,843.2640534843938,0.0,0.0,1.4968036649552232,0.0,0.0,0.0,1500.0,1.0
linear_thompson,high_repair_regression,0.0,0.0,0.0,0.0,0.0,0.0,1.0,0.561227280383713,561.2272803837129,0.0,0.0,0.9966432659202837,3.0,0.0,0.0,1000.0,1.0
linear_thompson,high_task_difficulty,0.0,0.0,0.0,0.0,0.0,0.0,1.0,0.5671252469852044,850.6878704778067,0.0,0.0,1.484286678924036,0.0,0.0,0.0,1500.0,1.0
linear_thompson,low_monetary_budgets,0.0,0.0,0.0,0.0,0.0,0.0,1.0,0.6290966342073311,943.6449513109967,0.0,0.0,1.5646693040416721,13.0,0.0,0.0,1500.0,1.0
linear_thompson,missing_causal_overlap,0.0,0.0,0.0,0.0,0.0,0.0,1.0,0.563955352875771,563.955352875771,0.0,0.0,1.053636791977624,4.0,0.0,0.0,1000.0,1.0
linear_thompson,noisy_verifiers,0.0,0.0,0.0,0.0,0.0,0.0,1.0,0.5658484336759111,848.7726505138667,0.0,0.0,1.4653474970218667,1.0,0.0,0.0,1500.0,1.0
linear_thompson,pareto_cost_duration,0.0,0.0,0.0,0.0,0.0,0.0,1.0,0.45103393635397604,451.03393635397606,0.008,0.0,0.9818058240398386,0.0,0.0,0.0,1000.0,1.0
linear_thompson,shared_specification_trap,0.0,0.0,0.0,0.0,0.0,0.0,1.0,0.5657669105597954,565.7669105597954,0.0,0.0,0.9747957770669018,3.0,0.0,0.0,1000.0,1.0
linear_thompson,tight_deadlines,0.0,0.0,0.0,0.0,0.0,0.0,1.0,0.6419383989058156,962.9075983587234,0.014,0.0,1.5645880120864604,12.0,0.0,0.0,1500.0,1.0
linear_thompson,verifier_degradation,0.0,0.0,0.0,0.0,0.0,0.0,1.0,0.5583102831249469,558.3102831249469,0.0,0.0,1.0724997829729546,6.0,0.0,0.0,1000.0,1.0
linucb,balanced_default,0.0,0.0,0.0,0.0,0.0,0.0,1.0,0.5485570753504543,822.8356130256815,0.0,0.0,0.34835460400972806,0.0,0.0,0.0,1500.0,1.0
linucb,competence_drift,0.0,0.0,0.0,0.0,0.0,0.0,1.0,0.5555914938295068,555.5914938295068,0.0,0.0,0.2235403549602779,0.0,0.0,0.0,1000.0,1.0
linucb,confidence_inversion,0.0,0.0,0.0,0.0,0.0,0.0,1.0,0.5507305994861815,550.7305994861815,0.0,0.0,0.2240856569933385,0.0,0.0,0.0,1000.0,1.0
linucb,context_poisoning,0.0,0.0,0.0,0.0,0.0,0.0,1.0,0.5559480090697332,555.9480090697332,0.0,0.0,0.2443520319629897,0.0,0.0,0.0,1000.0,1.0
linucb,hidden_catastrophic_defect,0.0,0.0,0.0,0.0,0.0,0.0,1.0,0.5467856825716179,546.7856825716178,0.0,0.0,0.22891921507653024,0.0,0.0,0.0,1000.0,1.0
linucb,hidden_reviewer_correlation,0.0,0.0,0.0,0.0,0.0,0.0,1.0,0.5508433639766189,550.8433639766189,0.0,0.0,0.23209993000455142,0.0,0.0,0.0,1000.0,1.0
linucb,high_modeled_correlation,0.0,0.0,0.0,0.0,0.0,0.0,1.0,0.5507066540535345,826.0599810803017,0.0,0.0,0.35680710299129714,0.0,0.0,0.0,1500.0,1.0
linucb,high_repair_regression,0.0,0.0,0.0,0.0,0.0,0.0,1.0,0.5487431488806285,548.7431488806285,0.0,0.0,0.2226705519733514,0.0,0.0,0.0,1000.0,1.0
linucb,high_task_difficulty,0.0,0.0,0.0,0.0,0.0,0.0,1.0,0.5529560296254099,829.4340444381148,0.0,0.0,0.35728386499613407,0.0,0.0,0.0,1500.0,1.0
linucb,low_monetary_budgets,0.0,0.0,0.0,0.0,0.0,0.0,1.0,0.550376060857716,825.564091286574,0.0,0.0,0.3407180960093683,0.0,0.0,0.0,1500.0,1.0
linucb,missing_causal_overlap,0.0,0.0,0.0,0.0,0.0,0.0,1.0,0.5505139356431031,550.5139356431031,0.0,0.0,0.2256368410162395,0.0,0.0,0.0,1000.0,1.0
linucb,noisy_verifiers,0.0,0.0,0.0,0.0,0.0,0.0,1.0,0.5512826293222024,826.9239439833036,0.0,0.0,0.3493063039804838,0.0,0.0,0.0,1500.0,1.0
linucb,pareto_cost_duration,0.0,0.0,0.0,0.0,0.0,0.0,1.0,0.43828356031470866,438.28356031470867,0.008,0.0,0.22249152802032768,0.0,0.0,0.0,1000.0,1.0
linucb,shared_specification_trap,0.0,0.0,0.0,0.0,0.0,0.0,1.0,0.5497958574409202,549.7958574409201,0.0,0.0,0.23358396398361947,0.0,0.0,0.0,1000.0,1.0
linucb,tight_deadlines,0.0,0.0,0.0,0.0,0.0,0.0,1.0,0.5507908121418561,826.1862182127841,0.0006666666666666666,0.0,0.3462401030410547,0.0,0.0,0.0,1500.0,1.0
linucb,verifier_degradation,0.0,0.0,0.0,0.0,0.0,0.0,1.0,0.5486349017636283,548.6349017636282,0.0,0.0,0.23426036892306001,0.0,0.0,0.0,1000.0,1.0
thompson,balanced_default,0.0,0.0,0.0,0.0,0.0,0.0,1.0,0.5484808895737089,822.7213343605633,0.0,0.0,0.22056843803511583,0.0,0.0,0.0,1500.0,1.0
thompson,competence_drift,0.0,0.0,0.0,0.0,0.0,0.0,1.0,0.5551662983221498,555.1662983221498,0.0,0.0,0.14060162697387568,0.0,0.0,0.0,1000.0,1.0
thompson,confidence_inversion,0.0,0.0,0.0,0.0,0.0,0.0,1.0,0.5500306671548246,550.0306671548246,0.0,0.0,0.19952720602486806,0.0,0.0,0.0,1000.0,1.0
thompson,context_poisoning,0.0,0.0,0.0,0.0,0.0,0.0,1.0,0.5554215877473307,555.4215877473307,0.0,0.0,0.13839868001923605,0.0,0.0,0.0,1000.0,1.0
thompson,hidden_catastrophic_defect,0.0,0.0,0.0,0.0,0.0,0.0,1.0,0.5462175779721854,546.2175779721854,0.0,0.0,0.15626269799940928,0.0,0.0,0.0,1000.0,1.0
thompson,hidden_reviewer_correlation,0.0,0.0,0.0,0.0,0.0,0.0,1.0,0.5501886127748069,550.1886127748069,0.0,0.0,0.15401627794381056,0.0,0.0,0.0,1000.0,1.0
thompson,high_modeled_correlation,0.0,0.0,0.0,0.0,0.0,0.0,1.0,0.5502328397769636,825.3492596654454,0.0,0.0,0.23299041508653318,0.0,0.0,0.0,1500.0,1.0
thompson,high_repair_regression,0.0,0.0,0.0,0.0,0.0,0.0,1.0,0.5482179371239716,548.2179371239716,0.0,0.0,0.15028071806227672,0.0,0.0,0.0,1000.0,1.0
thompson,high_task_difficulty,0.0,0.0,0.0,0.0,0.0,0.0,1.0,0.5523939393911754,828.5909090867631,0.0,0.0,0.22160417998748017,0.0,0.0,0.0,1500.0,1.0
thompson,low_monetary_budgets,0.0,0.0,0.0,0.0,0.0,0.0,1.0,0.5501870722714522,825.2806084071783,0.0,0.0,0.2400813259955612,0.0,0.0,0.0,1500.0,1.0
thompson,missing_causal_overlap,0.0,0.0,0.0,0.0,0.0,0.0,1.0,0.5500369812599942,550.0369812599943,0.0,0.0,0.15980589401806355,0.0,0.0,0.0,1000.0,1.0
thompson,noisy_verifiers,0.0,0.0,0.0,0.0,0.0,0.0,1.0,0.5507214087787472,826.0821131681208,0.0,0.0,0.22493235594811267,0.0,0.0,0.0,1500.0,1.0
thompson,pareto_cost_duration,0.0,0.0,0.0,0.0,0.0,0.0,1.0,0.43720534165527714,437.20534165527715,0.008,0.0,0.16111517502758943,0.0,0.0,0.0,1000.0,1.0
thompson,shared_specification_trap,0.0,0.0,0.0,0.0,0.0,0.0,1.0,0.5495403929750398,549.5403929750397,0.0,0.0,0.15028430203346943,0.0,0.0,0.0,1000.0,1.0
thompson,tight_deadlines,0.0,0.0,0.0,0.0,0.0,0.0,1.0,0.5509499364848242,826.4249047272363,0.0006666666666666666,0.0,0.2191468670807808,0.0,0.0,0.0,1500.0,1.0
thompson,verifier_degradation,0.0,0.0,0.0,0.0,0.0,0.0,1.0,0.5470115080785901,547.0115080785902,0.0,0.0,0.14393425501111778,0.0,0.0,0.0,1000.0,1.0
ucb1,balanced_default,0.0,0.0,0.0,0.0,0.0,0.0,1.0,0.5480114954908737,822.0172432363105,0.0,0.0,0.1320614780215692,0.0,0.0,0.0,1500.0,1.0
ucb1,competence_drift,0.0,0.0,0.0,0.0,0.0,0.0,1.0,0.5548301172165547,554.8301172165548,0.0,0.0,0.08773567006574012,0.0,0.0,0.0,1000.0,1.0
ucb1,confidence_inversion,0.0,0.0,0.0,0.0,0.0,0.0,1.0,0.5498027722481743,549.8027722481743,0.0,0.0,0.08126567402359797,0.0,0.0,0.0,1000.0,1.0
ucb1,context_poisoning,0.0,0.0,0.0,0.0,0.0,0.0,1.0,0.5552485839971544,555.2485839971544,0.0,0.0,0.08486921994153818,0.0,0.0,0.0,1000.0,1.0
ucb1,hidden_catastrophic_defect,0.0,0.0,0.0,0.0,0.0,0.0,1.0,0.545896984246745,545.8969842467451,0.0,0.0,0.08936247402016306,0.0,0.0,0.0,1000.0,1.0
ucb1,hidden_reviewer_correlation,0.0,0.0,0.0,0.0,0.0,0.0,1.0,0.5494863096742088,549.4863096742088,0.0,0.0,0.09057853298691043,0.0,0.0,0.0,1000.0,1.0
ucb1,high_modeled_correlation,0.0,0.0,0.0,0.0,0.0,0.0,1.0,0.5501637823814196,825.2456735721295,0.0,0.0,0.13466480401075387,0.0,0.0,0.0,1500.0,1.0
ucb1,high_repair_regression,0.0,0.0,0.0,0.0,0.0,0.0,1.0,0.5481150398381688,548.1150398381687,0.0,0.0,0.08972299694505637,0.0,0.0,0.0,1000.0,1.0
ucb1,high_task_difficulty,0.0,0.0,0.0,0.0,0.0,0.0,1.0,0.5522415524100669,828.3623286151004,0.0,0.0,0.13190644700080156,0.0,0.0,0.0,1500.0,1.0
ucb1,low_monetary_budgets,0.0,0.0,0.0,0.0,0.0,0.0,1.0,0.5499898249113236,824.9847373669855,0.0,0.0,0.1312428919991362,0.0,0.0,0.0,1500.0,1.0
ucb1,missing_causal_overlap,0.0,0.0,0.0,0.0,0.0,0.0,1.0,0.5496715230460341,549.671523046034,0.0,0.0,0.08610986502208107,0.0,0.0,0.0,1000.0,1.0
ucb1,noisy_verifiers,0.0,0.0,0.0,0.0,0.0,0.0,1.0,0.5506375429488689,825.9563144233033,0.0,0.0,0.12279676391699468,0.0,0.0,0.0,1500.0,1.0
ucb1,pareto_cost_duration,0.0,0.0,0.0,0.0,0.0,0.0,1.0,0.43665304827874457,436.65304827874456,0.008,0.0,0.08160046896773565,0.0,0.0,0.0,1000.0,1.0
ucb1,shared_specification_trap,0.0,0.0,0.0,0.0,0.0,0.0,1.0,0.54883646269324,548.83646269324,0.0,0.0,0.08621538896113634,0.0,0.0,0.0,1000.0,1.0
ucb1,tight_deadlines,0.0,0.0,0.0,0.0,0.0,0.0,1.0,0.5504961922495236,825.7442883742854,0.0,0.0,0.12305186502999277,0.0,0.0,0.0,1500.0,1.0
ucb1,verifier_degradation,0.0,0.0,0.0,0.0,0.0,0.0,1.0,0.5469246879075841,546.924687907584,0.0,0.0,0.09143427497292578,0.0,0.0,0.0,1000.0,1.0
